<?xml version="1.0" encoding="UTF-8"?>
<configurationDescriptor version="100">
  <logicalFolder name="root" displayName="root" projectFiles="true" kind="ROOT">
    <logicalFolder name="HeaderFiles"
                   displayName="Header Files"
                   projectFiles="true">
    </logicalFolder>
    <logicalFolder name="SourceFiles"
                   displayName="Source Files"
                   projectFiles="true">
      <logicalFolder name="ResourceFiles"
                     displayName="Resource Files"
                     projectFiles="true">
      </logicalFolder>
      <itemPath>Gaddis_9thEd_Ch3_Prob10_Temp.cpp</itemPath>
      <itemPath>Gaddis_9thEd_Ch3_Prob3_Average.cpp</itemPath>
      <itemPath>Gaddis_9thEd_Ch3_Prob7_Cookies.cpp</itemPath>
      <itemPath>Gaddis_9thEd_Ch3_Prob8_Insurance.cpp</itemPath>
      <itemPath>Gaddis_9thEd_Chap3_Prob20_Trig.cpp</itemPath>
      <itemPath>Paycheck.cpp</itemPath>
      <itemPath>Savitch_9thEd_Chap2_Prob1_DietCoke.cpp</itemPath>
      <itemPath>Savitch_9thEd_Chap2_Prob2_Pay.cpp</itemPath>
      <itemPath>Savitch_9thEd_Chap2_Prob5_Room.cpp</itemPath>
    </logicalFolder>
    <logicalFolder name="TestFiles"
                   displayName="Test Files"
                   projectFiles="false"
                   kind="TEST_LOGICAL_FOLDER">
    </logicalFolder>
    <logicalFolder name="ExternalFiles"
                   displayName="Important Files"
                   projectFiles="false"
                   kind="IMPORTANT_FILES_FOLDER">
      <itemPath>Makefile</itemPath>
    </logicalFolder>
  </logicalFolder>
  <projectmakefile>Makefile</projectmakefile>
  <confs>
    <conf name="Debug" type="1">
      <toolsSet>
        <compilerSet>default</compilerSet>
        <dependencyChecking>true</dependencyChecking>
        <rebuildPropChanged>false</rebuildPropChanged>
      </toolsSet>
      <compileType>
      </compileType>
      <item path="Gaddis_9thEd_Ch3_Prob10_Temp.cpp" ex="false" tool="1" flavor2="0">
      </item>
      <item path="Gaddis_9thEd_Ch3_Prob3_Average.cpp" ex="false" tool="1" flavor2="0">
      </item>
      <item path="Gaddis_9thEd_Ch3_Prob7_Cookies.cpp" ex="false" tool="1" flavor2="0">
      </item>
      <item path="Gaddis_9thEd_Ch3_Prob8_Insurance.cpp"
            ex="false"
            tool="1"
            flavor2="0">
      </item>
      <item path="Gaddis_9thEd_Chap3_Prob20_Trig.cpp" ex="false" tool="1" flavor2="0">
      </item>
      <item path="Paycheck.cpp" ex="false" tool="1" flavor2="0">
      </item>
      <item path="Savitch_9thEd_Chap2_Prob1_DietCoke.cpp"
            ex="false"
            tool="1"
            flavor2="0">
      </item>
      <item path="Savitch_9thEd_Chap2_Prob2_Pay.cpp" ex="false" tool="1" flavor2="0">
      </item>
      <item path="Savitch_9thEd_Chap2_Prob5_Room.cpp" ex="false" tool="1" flavor2="0">
      </item>
    </conf>
    <conf name="Release" type="1">
      <toolsSet>
        <compilerSet>default</compilerSet>
        <dependencyChecking>true</dependencyChecking>
        <rebuildPropChanged>false</rebuildPropChanged>
      </toolsSet>
      <compileType>
        <cTool>
          <developmentMode>5</developmentMode>
        </cTool>
        <ccTool>
          <developmentMode>5</developmentMode>
        </ccTool>
        <fortranCompilerTool>
          <developmentMode>5</developmentMode>
        </fortranCompilerTool>
        <asmTool>
          <developmentMode>5</developmentMode>
        </asmTool>
      </compileType>
      <item path="Gaddis_9thEd_Ch3_Prob10_Temp.cpp" ex="false" tool="1" flavor2="0">
      </item>
      <item path="Gaddis_9thEd_Ch3_Prob3_Average.cpp" ex="false" tool="1" flavor2="0">
      </item>
      <item path="Gaddis_9thEd_Ch3_Prob7_Cookies.cpp" ex="false" tool="1" flavor2="0">
      </item>
      <item path="Gaddis_9thEd_Ch3_Prob8_Insurance.cpp"
            ex="false"
            tool="1"
            flavor2="0">
      </item>
      <item path="Gaddis_9thEd_Chap3_Prob20_Trig.cpp" ex="false" tool="1" flavor2="0">
      </item>
      <item path="Paycheck.cpp" ex="false" tool="1" flavor2="0">
      </item>
      <item path="Savitch_9thEd_Chap2_Prob1_DietCoke.cpp"
            ex="false"
            tool="1"
            flavor2="0">
      </item>
      <item path="Savitch_9thEd_Chap2_Prob2_Pay.cpp" ex="false" tool="1" flavor2="0">
      </item>
      <item path="Savitch_9thEd_Chap2_Prob5_Room.cpp" ex="false" tool="1" flavor2="0">
      </item>
    </conf>
  </confs>
</configurationDescriptor>
